Temperature,Concentration,Diffusion Coefficient,R^2,stderr
344.8868868868869,66,8.040826138228309e-14,0.11221566383593166,8.437183479101937e-07
355.2972972972973,66,2.344045064308173e-11,0.997642327198333,5.9854880277356934e-06
280.9229229229229,66,5.3078281449942434e-11,0.9982773026098216,1.10833245206278e-05
356.5985985985986,66,4.5150263733105404e-11,0.9639052420839106,3.833706487280827e-05
304.1461461461461,66,6.183687767938055e-11,0.9968226800355914,1.57100972203571e-05
279.9219219219219,66,3.284276514977661e-11,0.9941333386815632,1.340735556910795e-05
285.2272272272272,66,2.6471347809941e-11,0.9553527642837776,2.8744923665978655e-05
267.9099099099099,66,1.0978482511551738e-10,0.9995234608668335,1.0912115245354082e-05
323.0650650650651,66,2.699767346718344e-11,0.9605223731757959,2.8146373377688303e-05
316.25825825825825,66,2.285515568058767e-11,0.9858109405424393,1.197077959525156e-05
275.9179179179179,66,1.1011039013263836e-11,0.9873461141417853,5.054802119790864e-06
289.03103103103103,66,7.853654907742193e-11,0.9990302966221662,1.4442420140335874e-05
341.4834834834835,66,3.301713053500787e-11,0.9943257087895997,1.1526010964358847e-05
305.84784784784785,66,4.958551666742564e-11,0.9964841791167689,1.3411330877442667e-05
290.13213213213214,66,8.583372430967231e-11,0.9983204131863116,1.8647102694295253e-05
272.4144144144144,66,4.394734353649848e-11,0.9482253291777506,4.896718860999145e-05
343.98598598598596,66,1.0163606982615738e-11,0.9021072357969182,1.4241004144731456e-05
263.9059059059059,66,8.85729635691292e-11,0.9975357479438455,2.2140250559836884e-05
303.24524524524526,66,9.544472627228988e-11,0.997048902920979,2.2618755285615296e-05
258.1001001001001,66,3.2788218825791915e-11,0.9922073735653171,1.3101620700955232e-05
319.16116116116115,66,7.05259324450894e-11,0.9988413608279284,1.2229426130336939e-05
269.1111111111111,66,7.50488690407182e-12,0.9414753186659678,8.867900155086107e-06
265.007007007007,66,3.169458603639538e-11,0.9973312187414671,1.0155522174531233e-05
264.3063063063063,66,5.2551929620736634e-11,0.9994545680964869,7.58409457936169e-06
318.66066066066065,66,6.548251497958816e-11,0.9832487061318395,4.2985389233335934e-05
330.7727727727728,66,5.7329209673482797e-11,0.9946769594655047,2.1986878153791714e-05
347.68968968968966,66,2.5161469341698883e-13,0.35306878597903374,1.8987863977140533e-06
346.38838838838836,66,7.350491215096242e-12,0.9514306148529265,5.94354263925704e-06
309.25125125125123,66,3.4317587231727915e-11,0.9921189112600234,1.4891174307058081e-05
344.48648648648646,66,2.2146477986281053e-11,0.9030384385067562,3.7202662344132144e-05
284.82682682682685,66,1.8851957673159525e-11,0.9960415833769511,6.017273813493227e-06
357.5995995995996,66,1.4972126109137533e-10,0.9993745175228439,1.713219331482515e-05
348.0900900900901,66,9.87199911988228e-11,0.9979339074812964,2.2029186722083947e-05
343.8858858858859,66,6.016052023231042e-11,0.9797739289614601,4.027393898220155e-05
327.0690690690691,66,4.3868477768325115e-11,0.9935469775582815,1.8769155977504607e-05
334.87687687687685,66,6.842733895289679e-11,0.9976867422145894,1.635408027251903e-05
266.8088088088088,66,1.5926768067219187e-11,0.9960081742851628,4.859542808152208e-06
286.8288288288288,66,1.7344646836014163e-11,0.9638041762951326,1.6451327527589897e-05
301.2432432432432,66,4.0822748976191084e-11,0.995692110535705,1.4399776978989383e-05
323.96596596596595,66,1.849904858034312e-11,0.9570915725340106,1.537391319073626e-05
349.991991991992,66,4.104004870328479e-11,0.9936696297164171,1.5198319563004465e-05
339.68168168168165,66,2.3922833083934427e-11,0.9255026425189059,2.4199933592730443e-05
326.36836836836835,66,1.5964839077872473e-11,0.992475379964535,5.9113189933526675e-06
314.45645645645646,66,4.085161679586282e-12,0.8842732526951592,5.7269439948805216e-06
313.05505505505505,66,5.281521503251597e-11,0.9918326872671775,3.248090021746031e-05
316.958958958959,66,9.459555716051481e-12,0.5942323342869618,3.203994408723864e-05
338.8808808808809,66,4.5311460863596e-11,0.971766582357867,3.332809076143728e-05
327.76976976976977,66,2.026776124248045e-14,3.050660548768719e-05,1.0385958731626423e-05
358.0,66,5.625158299869344e-11,0.999773294136929,4.225346791633746e-06
299.14114114114113,66,1.4088924833836918e-11,0.9651320721197654,1.0823375073171473e-05
353.7957957957958,66,3.722239354997114e-12,0.3497895884866322,3.049061314853512e-05
337.4794794794795,66,2.8718527343836487e-11,0.9589950109734037,2.833455895594982e-05
320.6626626626627,66,4.030112065332134e-11,0.999153030912169,6.013109329142469e-06
258.7007007007007,66,4.1208674408208995e-11,0.9925096674560705,1.962596035662959e-05
286.92892892892894,66,9.707068776563467e-12,0.9938023102325261,3.4279291094763928e-06
265.2072072072072,66,1.2956730253611929e-11,0.9274118356526834,1.5326221198008188e-05
349.5915915915916,66,1.2497098477036962e-10,0.9826794631962406,8.74850473019451e-05
318.7607607607608,66,3.166290071219425e-11,0.9990425071874601,4.533790787010279e-06
319.46146146146145,66,1.3559537799924112e-11,0.983746402140755,8.918864202174391e-06
315.75775775775776,66,3.1308714870226207e-11,0.9988733445720741,7.4804966405734035e-06
276.9189189189189,66,5.305765718651052e-11,0.9983647958613049,1.0457633202069157e-05
291.23323323323325,66,2.2562996040914264e-11,0.9870230901558984,1.020486107179737e-05
335.97797797797796,66,4.889808122735615e-11,0.9997224166464505,4.249020961768674e-06
329.7717717717718,66,1.941507897441007e-11,0.979175996809781,1.0943384113287564e-05
261.9039039039039,66,8.243740505581622e-12,0.9128721263445112,1.152890302317188e-05
352.7947947947948,66,3.759174447708292e-10,0.9991320976539432,5.800771172212873e-05
339.18118118118116,66,4.0100915368741e-11,0.9459939886116314,5.03280873664137e-05
295.8378378378378,66,2.44844546984989e-11,0.9753003566687396,1.5196271903997891e-05
297.13913913913916,66,4.260000519965457e-11,0.9788446009825749,3.203590415104513e-05
262.7047047047047,66,7.761896460801848e-11,0.9701460925576885,6.644372111393147e-05
273.2152152152152,66,4.53337643856052e-12,0.8734680891529597,5.591673540073325e-06
279.6216216216216,66,9.692967147169221e-12,0.993268069054399,3.710208697887963e-06
321.36336336336336,66,5.8099629773657494e-11,0.985973938174966,3.1612717153442894e-05
276.81881881881884,66,1.4124175746191742e-11,0.9798563322529145,8.822499972688436e-06
311.15315315315314,66,2.4974428983567294e-11,0.994111734241646,9.480285309077571e-06
337.7797797797798,66,7.140974264470649e-11,0.9983059668892278,1.8483662850332408e-05
268.3103103103103,66,3.6640233053895e-11,0.9802222176292131,2.764678942819807e-05
308.45045045045043,66,2.0297907613329228e-11,0.9937965359878382,7.067071368966528e-06
271.4134134134134,66,3.950002120566584e-11,0.9993144707554398,5.531537774917554e-06
259.8018018018018,66,1.9311091053777343e-11,0.9941547676345677,6.975355851357228e-06
307.049049049049,66,1.0969145130248763e-10,0.9991812764366619,2.0681584987667743e-05
259.4014014014014,66,4.0783030139823164e-11,0.9937895062144326,1.5370798660973205e-05
345.6876876876877,66,3.381714499304899e-11,0.9788329097876431,2.191162011550475e-05
357.0990990990991,66,1.7737737589145133e-11,0.9908575062617976,7.108360485255804e-06
356.998998998999,66,7.949822166250365e-11,0.9748710525707602,6.164488511948578e-05
356.6986986986987,66,2.075030050831172e-11,0.9899743543636609,1.2060040198732646e-05
356.2982982982983,66,7.98364371050651e-11,0.9834256357374987,4.8952538667436565e-05
355.8978978978979,66,3.1325859083262536e-12,0.9399939091640549,3.698327771626103e-06
355.69769769769766,66,1.3113393308541977e-10,0.9693994719575264,0.00014815326326053944
355.5975975975976,66,4.845621662259147e-11,0.9961716455780818,1.3793828209492874e-05
355.19719719719717,66,7.826643028804371e-11,0.995191379933316,3.050836233108733e-05
354.5965965965966,66,-2.111179971217182e-12,0.11589229311266172,2.3914675475807993e-05
354.09609609609606,66,9.636362029021722e-11,0.9995555091954963,1.114736543573549e-05
353.59559559559557,66,1.1550659037627193e-10,0.9876774709835154,6.870972739248401e-05
353.0950950950951,66,8.516090423648476e-11,0.9976483441560287,2.1223481136574412e-05
352.994994994995,66,5.307338675611616e-11,0.9778553858898554,3.945341706625535e-05
352.6946946946947,66,5.261766674427918e-11,0.9759862939202077,3.805604203925778e-05
352.49449449449446,66,-6.515649573916455e-13,0.006479829579032733,3.113187908526831e-05
352.1941941941942,66,7.32032508053247e-11,0.9943740129503752,2.595424399532538e-05
351.99399399399397,66,1.3606758358639504e-10,0.9994379079022633,2.0030351897855188e-05
351.8938938938939,66,1.238607091068157e-10,0.9936013965629992,4.741075804110995e-05
351.5935935935936,66,2.7258851689243183e-11,0.9881467258622879,1.2719588094125347e-05
351.1931931931932,66,3.71923665699633e-11,0.9813921974974456,2.3097725309806233e-05
350.6926926926927,66,6.205735780893352e-11,0.9918346674593165,2.882372272991568e-05
350.4924924924925,66,7.689917160741997e-11,0.9821928534713374,4.9506131375855436e-05
349.7917917917918,66,4.3595363079772945e-11,0.9973476598584121,1.0379914155298124e-05
349.3913913913914,66,2.3452603530861008e-11,0.9743140800673682,1.435054965862062e-05
349.1911911911912,66,4.098139292811843e-11,0.9972736570515397,1.0785854582827528e-05
349.0910910910911,66,4.518753751984638e-11,0.9987891804355571,7.266281766819708e-06
348.8908908908909,66,1.4857711500157052e-10,0.9983276331977586,3.319975522116741e-05
348.5905905905906,66,7.401107978634017e-13,0.13491139468062838,6.501112653810238e-06
347.98998998999,66,2.5865413066803874e-11,0.9574326955508957,2.356804878800333e-05
347.7897897897898,66,6.73516496588825e-11,0.99223798177155,2.754033184883664e-05
347.18918918918916,66,6.451392200751153e-11,0.988948202698445,3.359283792451519e-05
345.88788788788787,66,6.838613912477253e-11,0.9841508831257989,4.748807914006546e-05
345.58758758758756,66,1.3171330919001868e-10,0.999576941182467,1.4017275253861845e-05
344.1861861861862,66,7.352539421601013e-11,0.987587605250698,4.287184660392321e-05
343.5855855855856,66,3.07667109372136e-11,0.9970156275896932,7.970069714180072e-06
343.48548548548547,66,2.8230979745270066e-11,0.9954871220451653,8.504623652459518e-06
342.88488488488485,66,8.942341992571786e-11,0.983260435958227,5.118994676181064e-05
342.68468468468467,66,4.9288839410525344e-11,0.990479513689046,2.2666016211038747e-05
342.2842842842843,66,1.1994169337305493e-10,0.9764728284621923,8.714004437772806e-05
342.0840840840841,66,1.1092853081266634e-10,0.9992042760478242,1.7737306630990215e-05
341.28328328328325,66,5.037683525247282e-12,0.9100046279882394,8.078957243244765e-06
341.1831831831832,66,1.0390130390239264e-10,0.9998953671820174,5.981180359645668e-06
340.8828828828829,66,5.93159869205653e-11,0.9990811602950525,9.970472875993716e-06
340.6826826826827,66,1.5390965118695244e-11,0.99330687087776,7.187519196182191e-06
339.98198198198196,66,2.141298334685863e-11,0.9852073192548946,1.3634025987975423e-05
338.68068068068067,66,2.800484915996023e-11,0.9946201292906148,1.3171233058854104e-05
338.5805805805806,66,2.5846692510912803e-11,0.992280840254374,1.1309189002706114e-05
338.2802802802803,66,4.220939526020566e-11,0.991947332227784,1.6176376676200365e-05
338.08008008008005,66,7.263994993531191e-11,0.9763660901344161,5.26888511651643e-05
336.97897897897894,66,1.6809278687951415e-11,0.9530289646391961,1.779429305533788e-05
336.6786786786787,66,8.456503507813532e-11,0.9964691880448058,2.39652063511826e-05
336.47847847847845,66,9.163654143375293e-13,0.07904095689556219,9.704223382072284e-06
335.77777777777777,66,4.355424980375993e-11,0.9797339576627468,2.7766036456935976e-05
335.2772772772773,66,1.2028515826768415e-11,0.9612587437139432,1.0984500914663113e-05
334.7767767767768,66,6.910748212179165e-12,0.9788268219321357,4.508934718609157e-06
334.4764764764765,66,2.5924548689908482e-11,0.995064477287572,8.515902196366108e-06
334.17617617617617,66,2.761469576544738e-11,0.9973437843555867,7.0807179918991555e-06
334.0760760760761,66,3.81080907488128e-11,0.9810926326715682,2.070462239848246e-05
333.37537537537537,66,6.289965047918262e-11,0.9023417171759075,8.215603513007753e-05
332.6746746746747,66,9.375410263444552e-11,0.9937830465110644,3.666792995031616e-05
331.97397397397395,66,1.792817331934387e-10,0.9989103636279204,3.3262897116191306e-05
330.67267267267266,66,1.562594947701115e-11,0.9849447610468216,8.165178868156496e-06
330.37237237237235,66,2.907864920286624e-11,0.9811399604382267,1.8672243356990186e-05
329.87187187187186,66,6.085876102485753e-11,0.9923216881301044,2.571443195888983e-05
329.37137137137137,66,3.537661613613878e-11,0.9964471444862235,9.367177013822628e-06
328.7707707707708,66,1.5181477810796645e-11,0.9876226122441764,6.688645738622362e-06
328.57057057057057,66,3.687125178906418e-11,0.9868570740148592,1.9067427892166312e-05
328.1701701701702,66,7.158199537204006e-11,0.9980717963229038,1.5573827968184758e-05
327.96996996996995,66,3.320953706466983e-11,0.9837324960312922,2.2888034738526595e-05
327.5695695695696,66,3.902008707906575e-11,0.9836560260066131,2.4737251621082603e-05
327.36936936936934,66,9.123695031398841e-12,0.9313015717144201,8.664077750169942e-06
326.96896896896897,66,5.698039297251728e-11,0.9973600708657369,1.4379291843635803e-05
326.66866866866866,66,1.293351548163829e-10,0.9997707367591526,1.1973029725712032e-05
326.16816816816817,66,2.5595684126844383e-11,0.9959271929956028,7.424323829493897e-06
325.6676676676677,66,4.694023006519223e-11,0.9977597099046968,1.3040674665563217e-05
325.26726726726724,66,6.942689988082798e-11,0.9974510151299387,1.938298503502033e-05
325.1671671671672,66,6.833920626824773e-11,0.9911748079348582,2.8944774075029945e-05
325.06706706706706,66,2.919645467740797e-11,0.9973926274090132,6.787549968506037e-06
324.86686686686687,66,2.1600250827047292e-11,0.9981165813898017,4.080742718560943e-06
324.76676676676675,66,1.3403986285568244e-11,0.9945004455569325,4.543308919413888e-06
323.76576576576576,66,6.110218505261456e-11,0.9989496999413364,9.70195227013965e-06
323.26526526526527,66,5.068082831947053e-11,0.9890477527342828,2.3148898368105078e-05
322.16416416416416,66,5.952151508003948e-11,0.9973460840987529,1.421402497361807e-05
321.963963963964,66,4.321592119152962e-11,0.977794935381288,2.9227954763913614e-05
321.66366366366367,66,1.6399805353062674e-11,0.9976083100351246,4.560074028635298e-06
321.26326326326324,66,3.702023808362652e-11,0.965080519928101,3.215765948387376e-05
320.56256256256256,66,4.7756028905178497e-11,0.9883362291381296,2.490372845658539e-05
320.46246246246244,66,2.8909903716507074e-11,0.9827395016431824,1.601160076771743e-05
320.1621621621622,66,9.50143393794057e-11,0.9965683018097075,3.0160316848181084e-05
319.76176176176176,66,4.971776570569218e-11,0.9903580297418569,2.324930458211304e-05
319.5615615615616,66,1.1329288173715143e-11,0.7507083558650064,2.3143282472557726e-05
318.5605605605606,66,4.232568406292078e-11,0.9990304273991093,6.5536246341796375e-06
318.2602602602602,66,3.3781925129465834e-12,0.6164236540358261,1.000036833941151e-05
318.06006006006004,66,3.7677118973584934e-11,0.9888894017797052,1.9140255481958634e-05
317.75975975975973,66,2.9183082180914434e-11,0.9915843589179784,1.4067966630495029e-05
317.4594594594595,66,1.3939356017575198e-10,0.9959596115605834,4.8531886985407845e-05
317.05905905905905,66,4.0946559423698384e-11,0.9664278358226391,3.294949400739683e-05
316.75875875875874,66,6.447124418733656e-11,0.9987627649491252,1.1107949694584808e-05
315.0570570570571,66,6.030040716043097e-11,0.9966560466235503,1.916860415784099e-05
314.95695695695696,66,1.5601635004906635e-11,0.9768409550875943,1.2422209052676056e-05
314.15615615615616,66,6.715348721109762e-11,0.9923363687222436,3.635133198272275e-05
313.955955955956,66,8.610991062151508e-11,0.997273045704639,2.681921417763684e-05
313.85585585585585,66,5.281204326783959e-11,0.9913765845991164,2.264098092832139e-05
313.65565565565566,66,3.147288513720512e-11,0.8848133237213325,4.65829789717862e-05
313.35535535535536,66,8.552572458409795e-11,0.9991409350754308,1.4156205054572072e-05
312.9549549549549,66,1.4044667563132666e-11,0.938532253911332,1.5798664097882345e-05
312.35435435435437,66,5.4230126176697545e-11,0.9992705074726091,6.646095049141527e-06
311.65365365365363,66,5.247747438909939e-11,0.9964958034211433,1.491435933868091e-05
311.55355355355357,66,4.638499199216253e-11,0.9482034128152024,6.738561541182367e-05
310.45245245245246,66,1.5352831975568827e-11,0.9666319215904311,1.1965840026503345e-05
310.05205205205203,66,1.3511620150195136e-10,0.9827573036849927,9.867502902935273e-05
309.7517517517517,66,4.3483621998143055e-11,0.9802014844344256,2.8221329124780438e-05
309.65165165165166,66,2.326122275443166e-11,0.9900501502756875,1.0381728397606948e-05
309.4514514514515,66,6.935045751092684e-11,0.9856353096736674,3.677545407587322e-05
309.15115115115117,66,6.415836955346011e-11,0.9994615344585367,8.273615752102119e-06
308.6506506506507,66,1.5215108001108493e-11,0.9037172050005058,1.9332117231565595e-05
308.25025025025025,66,4.716548907862532e-11,0.9842779418497454,2.9253637189243124e-05
307.8498498498499,66,4.826723688861498e-11,0.9981058712255333,1.133494809118566e-05
306.2482482482483,66,1.6703035588902308e-11,0.9026904151636629,2.317274465407309e-05
306.14814814814815,66,7.51753698124832e-11,0.9996938106789901,6.837633988810912e-06
305.54754754754754,66,1.3763555882903247e-10,0.998444547491813,3.198798449716405e-05
305.34734734734735,66,3.254701300804759e-11,0.995240853754771,9.620477692990796e-06
304.74674674674674,66,5.822152647176572e-11,0.960177906906408,4.6870397675451377e-05
304.6466466466467,66,4.3887714387869185e-11,0.9972173844321145,1.0314149602930706e-05
304.54654654654655,66,5.5459645617607945e-11,0.9985629893325411,1.0068666627947619e-05
304.04604604604606,66,7.225248388729234e-12,0.9612593313783951,4.658057230593974e-06
303.94594594594594,66,6.274358386308516e-12,0.9311954718170139,6.032236368704062e-06
303.64564564564563,66,2.481964986164161e-11,0.9850076263986868,1.3777162729775486e-05
303.54554554554556,66,2.9067075753619975e-11,0.9881616963392196,1.3887781041309721e-05
303.0450450450451,66,4.673045089303532e-11,0.9961219080693814,1.7111321479282084e-05
302.74474474474476,66,5.2361039603316884e-11,0.997502227227943,1.1812259417876564e-05
302.5445445445445,66,1.870992261452658e-11,0.9496157450257092,2.193019267756222e-05
302.44444444444446,66,1.3526426365088665e-11,0.9695999512568275,1.2242837364757558e-05
302.044044044044,66,2.025965289673267e-11,0.8451512292977017,3.123871832215287e-05
301.7437437437437,66,2.963325405294695e-11,0.9813685392639067,2.0806995358548053e-05
301.14314314314316,66,1.1033614873503584e-10,0.9979691705678305,3.1046021367013635e-05
300.84284284284286,66,7.040885941501074e-11,0.9986542641526376,1.2930822475797766e-05
300.74274274274273,66,1.9177860037876533e-11,0.916014809122929,2.4124880619039025e-05
300.6426426426426,66,2.2387435783641462e-11,0.9942994801327024,8.507315363859835e-06
300.4424424424424,66,4.6207602267011446e-11,0.9874100449529288,2.8065026227506037e-05
300.1421421421421,66,1.0413895974449644e-10,0.977119558944025,8.122178873730165e-05
299.3413413413413,66,2.400691041372411e-11,0.989371714653925,1.3615479997645891e-05
298.5405405405405,66,3.4417405163687e-11,0.9923959797851815,1.6286899185656614e-05
298.14014014014015,66,3.4913869533546096e-11,0.989232611729115,1.8217112770566094e-05
297.83983983983984,66,2.1363077917696344e-11,0.9984421139361537,4.025103586328965e-06
297.63963963963965,66,6.009188363031866e-11,0.9991638221273131,9.718729976857526e-06
297.33933933933935,66,5.2063264545464993e-11,0.9959475819248612,1.5258826392965986e-05
297.2392392392392,66,3.758389914462373e-11,0.990405227086983,1.9782701846121017e-05
296.9389389389389,66,1.7144660476802757e-10,0.9983018097532983,3.469010519983013e-05
296.23823823823824,66,1.1219722212346327e-10,0.9979860919708002,2.439792611195595e-05
296.1381381381381,66,3.3527377561579326e-11,0.9848385052523546,1.963870012944812e-05
295.53753753753756,66,3.9637681404980206e-11,0.9671236510025237,3.8997360482616914e-05
295.03703703703707,66,4.049281783101168e-11,0.9844347220868764,2.319808396334559e-05
294.8368368368368,66,6.127224142576869e-11,0.9907746783170869,2.695686976996011e-05
294.63663663663664,66,1.2828816854679044e-11,0.9868658656237628,8.056698798798041e-06
293.7357357357357,66,7.476809424746237e-11,0.9962219985470783,2.415276675229593e-05
293.43543543543547,66,1.0987252150801346e-10,0.9987593552888201,1.9694511351091954e-05
293.33533533533534,66,2.974251857982873e-11,0.9855263672145432,1.7138436324359965e-05
293.13513513513516,66,3.3715780156174434e-11,0.9985596221621146,6.146861986851574e-06
292.4344344344344,66,3.655702605510779e-11,0.9989986695639568,7.151852933700947e-06
292.33433433433436,66,6.08183498789e-11,0.9975474136324024,1.6175232889253347e-05
292.03403403403405,66,4.493941459019409e-11,0.9902396152280685,2.0920778974552583e-05
291.6336336336336,66,3.937357295676143e-11,0.9825397569586423,2.4392954586751824e-05
291.13313313313313,66,1.1835063886988047e-11,0.9870989520966372,5.840807924272645e-06
290.73273273273276,66,4.6446603925174543e-11,0.9979133983772601,1.2618887104987587e-05
290.3323323323323,66,5.97773665028254e-11,0.9639249104490777,5.130822955653376e-05
289.63163163163165,66,1.3744328640740429e-11,0.9939370378465238,4.897817539507406e-06
288.53053053053054,66,5.6309527919019215e-11,0.9941040187286415,2.3415150809219932e-05
288.33033033033036,66,3.2338647380819694e-11,0.9924102907570769,1.5163024990840657e-05
287.72972972972974,66,4.461036517411502e-11,0.9815343595331891,2.620131748630395e-05
287.1291291291291,66,1.8832898607379957e-11,0.9390319806284354,1.755085242876824e-05
286.72872872872875,66,7.118457125792232e-11,0.9980248364157704,1.4657995052770213e-05
286.12812812812814,66,1.0783147444281863e-10,0.9992363660402662,1.5869094493550344e-05
286.028028028028,66,1.7402144529859608e-11,0.9931131106996316,9.264618959707364e-06
285.82782782782783,66,3.396847610810995e-11,0.981124207935731,1.9327784083088377e-05
285.4274274274274,66,5.407669961938718e-11,0.9976237258628844,1.4144864604399774e-05
285.1271271271271,66,5.9006661460453056e-12,0.6473624899730254,1.638007753227279e-05
284.9269269269269,66,3.530070257987152e-11,0.9741098741847151,2.7617002750605574e-05
284.52652652652654,66,2.1506082822134267e-11,0.9261514444968999,2.718648921180781e-05
284.4264264264264,66,5.168115343812803e-11,0.994760298247069,2.3871267913096888e-05
284.1261261261261,66,1.8776864441181386e-12,0.8245257420078266,2.8808242585248743e-06
284.02602602602605,66,9.101618884408019e-12,0.9808129692200711,6.129469968691774e-06
283.72572572572574,66,4.455726448758468e-11,0.9915845847259033,1.7022640468005566e-05
283.52552552552555,66,-5.367816605493659e-12,0.22812736098374403,5.805573406250033e-05
283.22522522522524,66,3.084482987547815e-11,0.996383120489736,8.599334902577252e-06
283.1251251251251,66,1.837599925152935e-11,0.978334925643975,1.164022706956894e-05
283.025025025025,66,5.6065936521491584e-11,0.9990260451548588,9.20928838876012e-06
282.92492492492494,66,1.253700550393573e-10,0.9995434754628619,1.6126004950759293e-05
282.72472472472475,66,2.476134423465614e-12,0.2539694734037758,1.3535833354868079e-05
282.62462462462463,66,3.089004903310922e-11,0.9992043154950838,5.014626837969757e-06
281.82382382382383,66,4.163189006295178e-11,0.9555599595997347,4.794621606456087e-05
281.62362362362364,66,3.1231081982341894e-11,0.9991754786099759,6.1653168460975346e-06
281.32332332332334,66,8.557744865723545e-11,0.9996448371499818,9.432537693318878e-06
281.12312312312315,66,8.244549465436995e-12,0.9762347298242583,4.704256948962342e-06
281.02302302302303,66,2.4384798506375858e-11,0.9763658328221677,1.7542400993789886e-05
280.4224224224224,66,1.1079202072181005e-11,0.9451852650600663,1.1345825655407922e-05
280.22222222222223,66,2.8456317738469306e-11,0.9436721508732857,3.97131336632226e-05
280.1221221221221,66,3.587052633497881e-11,0.9960626633883662,9.653565926662097e-06
279.22122122122124,66,1.846679848661263e-11,0.9962509040813596,6.035465557489558e-06
279.021021021021,66,1.3127619617794865e-11,0.9097287177394513,1.3826361960518872e-05
278.8208208208208,66,1.5833285902001227e-11,0.9772026809702615,1.2552200958681808e-05
278.42042042042044,66,3.328371452979956e-11,0.997429630468686,7.539881099407015e-06
277.4194194194194,66,1.0112895187574236e-10,0.9958984789402446,3.2190298847928285e-05
276.6186186186186,66,1.8176472464100172e-11,0.9868915463270921,9.111823511587184e-06
276.51851851851853,66,2.326265011157893e-11,0.9492127848841917,2.5731322105510987e-05
276.2182182182182,66,3.088612574508602e-11,0.8926711273184571,4.960122794641931e-05
275.71771771771773,66,2.7889203377472456e-11,0.9749515092140734,1.9079201663797404e-05
275.1171171171171,66,3.8462651650389434e-11,0.9914833592041574,2.0367303910090304e-05
275.017017017017,66,3.8168134638804404e-11,0.9774194432289282,3.165933558598998e-05
274.41641641641644,66,5.479582618057661e-11,0.9906318710556844,2.3447377571498983e-05
274.11611611611613,66,6.230174959916873e-11,0.9882777649332493,2.9864777312227823e-05
273.8158158158158,66,4.492146150734447e-11,0.9939678235484667,1.700951767320395e-05
273.4154154154154,66,9.199909343568477e-12,0.9303408482633316,1.1277577862418122e-05
271.9139139139139,66,4.134377314610007e-11,0.9253210054086819,6.971583460075243e-05
271.3133133133133,66,2.563647065786065e-11,0.9959609564327628,8.484868317323063e-06
271.1131131131131,66,2.3093474570436665e-12,0.5073201314297772,9.347705806090196e-06
270.91291291291293,66,2.7236828224828468e-11,0.9827128444426099,1.5104154739001804e-05
270.7127127127127,66,2.5561643346404443e-11,0.9687803923533267,2.7521203601217032e-05
270.5125125125125,66,3.1162484651765776e-11,0.9856064977817708,1.715992120114632e-05
269.9119119119119,66,2.974855503126765e-11,0.9982353801171389,7.793205012476394e-06
269.5115115115115,66,2.7006861171105873e-11,0.9984291595343087,5.334323849090572e-06
268.4104104104104,66,2.828911608277235e-11,0.9914433802436561,1.2304431122469267e-05
268.1101101101101,66,7.499084672275821e-11,0.9987888364729343,1.678091461149765e-05
267.7097097097097,66,1.0997157343307755e-11,0.9858950786885758,5.578164676610968e-06
267.5095095095095,66,3.1912747269762305e-11,0.9819957135962943,1.9924234724715973e-05
267.4094094094094,66,2.5242146948126266e-11,0.9945101921573223,8.328837074093104e-06
267.20920920920923,66,2.7089199745710004e-11,0.987560971709047,1.3028590216066924e-05
267.1091091091091,66,4.0196318880924e-11,0.9941301578170111,1.8460435589325192e-05
266.6086086086086,66,2.606210968729004e-11,0.958493227753,2.260746467568885e-05
266.40840840840843,66,3.2798889585462964e-11,0.9527445403814871,3.103508276993098e-05
266.3083083083083,66,5.344409953321391e-11,0.9847062269084964,3.042885578201877e-05
266.1081081081081,66,5.830047855977894e-11,0.998356312479839,1.171140184520818e-05
266.008008008008,66,4.619111764125389e-11,0.921438343129902,5.595948760179241e-05
265.9079079079079,66,2.949528781793484e-11,0.9838590964873005,1.6493330809701724e-05
265.7077077077077,66,7.603128816825992e-11,0.9322074538875283,0.0001117308836304742
264.7067067067067,66,2.0882460047001706e-11,0.9650452266357151,1.6602892656347072e-05
264.5065065065065,66,2.31224354423825e-11,0.9901847417307721,1.0606943645274262e-05
264.4064064064064,66,2.0373133441220383e-11,0.9413731107490346,2.2076972918421842e-05
263.6056056056056,66,1.2648059679582201e-11,0.9512415594413994,1.1905040234029575e-05
263.5055055055055,66,5.5445519966154346e-11,0.9950816094721581,1.8835876969418486e-05
262.5045045045045,66,4.1335087700656743e-11,0.9602128733041366,4.674686622571885e-05
262.40440440440443,66,4.426416122849553e-11,0.998260079062157,8.556226068263282e-06
262.3043043043043,66,7.586902028865164e-11,0.9465846086983167,0.00013830631691544594
262.2042042042042,66,4.896245674883109e-11,0.9961696683918456,1.7406018371968754e-05
261.5035035035035,66,6.243223481936441e-11,0.993569757787971,2.2151078195024686e-05
260.80280280280283,66,1.290877855468402e-11,0.965157331190817,1.078226337363895e-05
260.5025025025025,66,5.187411996900385e-12,0.8135904805410766,8.5838870778135e-06
260.1021021021021,66,2.0614110348920213e-11,0.9812093422842513,1.1475206578972857e-05
259.20120120120123,66,6.67986827833341e-11,0.9997745915662057,6.104705737566837e-06
259.001001001001,66,6.0409827077876e-12,0.9332494601004941,7.70259726928582e-06
264.9069069069069,75,8.790150261742529e-11,0.9996613012323879,9.573439559274819e-06
320.86286286286287,75,6.425623986270991e-11,0.9938402761316901,2.1659092496063242e-05
314.55655655655653,75,3.264127547786037e-11,0.994406997006627,1.2508584706422346e-05
282.42442442442444,75,1.796014473187649e-11,0.9987049146142049,2.5984241748970217e-06
269.61161161161164,75,6.941095421307571e-11,0.9907966900196973,3.235697607648342e-05
260.3023023023023,75,1.5688071331807383e-11,0.9976564078346035,3.016874433060035e-06
277.61961961961964,75,2.6045354441308172e-11,0.9839211278904395,1.3185889782388484e-05
296.33833833833836,75,6.00390764619564e-11,0.9834995602271456,3.5767753883648364e-05
326.0680680680681,75,3.996291429599491e-11,0.9921584269313047,1.561001627511937e-05
322.56456456456453,75,5.1774130627256214e-11,0.9777828661513625,3.8943300842042877e-05
355.0970970970971,75,2.487012038247035e-10,0.9995658975725742,3.16921343857505e-05
278.6206206206206,75,1.4665352175086898e-11,0.9754928503458831,9.542166337542208e-06
331.77377377377377,75,5.773318275390263e-11,0.9979447763795253,1.2154330105417924e-05
308.35035035035037,75,1.0592827126761019e-10,0.9979558310205306,2.7504066685023737e-05
333.07507507507506,75,1.7086909155038393e-11,0.9886859286514645,8.274349849537792e-06
334.67667667667666,75,1.9343648966927164e-10,0.9273811218000866,0.0003305629244792782
284.6266266266266,75,5.114075042291929e-11,0.9772950067843832,4.1015160356172927e-05
332.8748748748749,75,2.3990017149179328e-11,0.9632375378365485,2.573123839457265e-05
304.9469469469469,75,2.8961343970349614e-11,0.999390534921585,2.99285949296452e-06
281.7237237237237,75,1.6155364139655082e-11,0.9831132705250817,9.711267574636993e-06
266.7087087087087,75,2.441825237633968e-11,0.9983026119721787,5.143008259631658e-06
331.17317317317315,75,5.904871657715717e-11,0.9958030840151507,1.9837731962094187e-05
353.4954954954955,75,1.5875873183640083e-10,0.9765841604564609,0.00011114047092429687
261.1031031031031,75,3.543348539912576e-11,0.9647050995767706,2.6261367632684808e-05
340.3823823823824,75,6.773069109608437e-11,0.9926197638375536,3.404637997389526e-05
356.3983983983984,75,2.928084806602072e-11,0.9954632806737915,9.520842065438403e-06
261.60360360360363,75,1.4983651229647352e-11,0.9702067743694052,1.3718481695873093e-05
337.1791791791792,75,2.6535200601047448e-11,0.9624506923626099,2.1696665492642625e-05
324.3663663663664,75,6.436993891645209e-11,0.989829944364211,2.799326122601172e-05
291.53353353353356,75,2.2648232799733123e-11,0.9570253111733557,2.0470539015132796e-05
323.8658658658659,75,2.702599516554115e-11,0.8509043883575549,4.024735025779136e-05
307.54954954954957,75,2.7885139353759892e-11,0.9912545034946019,1.3292332613523422e-05
348.4904904904905,75,4.022175916794934e-11,0.991755614792326,1.6737074545905733e-05
329.6716716716717,75,5.687079032751647e-11,0.9977129493177483,1.3749566797164452e-05
281.4234234234234,75,1.656145428261124e-11,0.9585846556059405,1.4095119446623812e-05
260.7027027027027,75,7.353237834901809e-11,0.9980444502895641,1.4926666875381945e-05
335.5775775775776,75,3.988782320626163e-11,0.9879736719030946,2.505344712968284e-05
271.013013013013,75,1.06068811387221e-10,0.9942982030848394,4.150431307102635e-05
296.03803803803805,75,2.2721451134272385e-11,0.9866716355612647,1.1653180050901526e-05
337.3793793793794,75,2.271434101656533e-11,0.893655474985528,3.829341075108529e-05
260.6026026026026,75,3.5477074610321974e-11,0.926967607448619,3.6594073415912925e-05
281.5235235235235,75,5.86203797090372e-11,0.9845529992413239,4.20859140333204e-05
259.9019019019019,75,1.2002251726427225e-11,0.9966706702352452,3.050352546765865e-06
338.4804804804805,75,2.4686088763047992e-11,0.9776398111755706,1.5482321942220443e-05
310.15215215215215,75,4.68558335570982e-11,0.9992010162484747,7.017676781788139e-06
341.7837837837838,75,2.3580461166842887e-11,0.9868260392283674,1.3417777431429517e-05
342.38438438438436,75,1.855856036691433e-11,0.9540157384947544,1.74096861321259e-05
310.95295295295296,75,5.267621903569239e-11,0.982533596853367,2.9125818826996655e-05
352.8948948948949,75,5.162228235551034e-11,0.9973882932888413,1.0752480046597347e-05
291.43343343343344,75,2.262352143556304e-11,0.9971392418737566,5.913259680179976e-06
314.35635635635634,75,5.355218870250239e-11,0.997082999685469,1.3586249717199452e-05
337.57957957957956,75,1.7118201455549075e-11,0.9332302768017944,1.9383688028630025e-05
287.9299299299299,75,5.938509784273893e-11,0.9904225616781216,2.6994107263140115e-05
317.1591591591592,75,7.085402050556838e-11,0.9509187069691447,0.00010471003641952539
288.7307307307307,75,3.308402682859968e-11,0.9848465150459059,1.4828580839474018e-05
287.029029029029,75,1.9355639266497448e-11,0.9883800294120125,8.631432545945904e-06
335.8778778778779,75,7.755711076545172e-11,0.9978520907450427,1.854855820473598e-05
263.1051051051051,75,4.633723883983678e-11,0.9924481135107966,1.8841704149873587e-05
357.4994994994995,75,3.8959090039313004e-11,0.993669040837855,1.4880112830751674e-05
274.016016016016,75,1.278508067604794e-11,0.9885633085173109,5.857320877125409e-06
344.28628628628627,75,6.52550697735663e-11,0.9993435472437463,8.226925478047004e-06
272.1141141141141,75,3.3725037681007446e-11,0.9849726856122366,1.7500017897772462e-05
275.5175175175175,75,2.5928434661165598e-11,0.9726363404053187,2.477506975969147e-05
276.1181181181181,75,2.520281421519651e-11,0.9951772666710268,1.0629343956892197e-05
277.5195195195195,75,6.047423998392112e-11,0.9972038780766235,1.456241164408569e-05
273.7157157157157,75,7.630838130127742e-11,0.9712978015613435,6.955830607300696e-05
297.4394394394394,75,6.724546082880241e-11,0.9561720251316356,6.455031515365236e-05
331.47347347347346,75,3.598124672053864e-11,0.9777717136255266,2.8022537206497216e-05
280.3223223223223,75,2.1636135008016376e-11,0.9585847821233238,1.907866910561252e-05
312.1541541541542,75,4.193307859550291e-11,0.9757694608864641,3.236342791974348e-05
279.52152152152155,75,8.605385433511031e-11,0.967107852419063,6.731756500711128e-05
326.5685685685686,75,3.006893575378781e-11,0.9925234921583773,1.1594704931895896e-05
268.01001001001003,75,8.399461755050861e-11,0.9895443804200971,4.616314130329675e-05
265.1071071071071,75,3.091006175594709e-11,0.9733521169249939,2.2651343132271034e-05
285.02702702702703,75,6.302842878709216e-11,0.9729942514864527,4.99913005881158e-05
313.15515515515517,75,5.023259513069281e-11,0.9778048113124924,3.572840304999387e-05
286.42842842842845,75,3.08822882282475e-11,0.9957737096646218,9.401043654443108e-06
294.13613613613614,75,2.797944132437014e-11,0.9492849040214962,2.7435511407788954e-05
268.6106106106106,75,5.034902432543625e-11,0.9959499743338402,1.5844230301690617e-05
329.57157157157155,75,2.3806211113608268e-11,0.9980587486724045,4.064346633522514e-06
258.5005005005005,75,1.6298331360111575e-11,0.9356664721397323,2.0064094398409343e-05
299.041041041041,75,2.0867695292689428e-11,0.9607837728897579,1.9996091212556283e-05
335.6776776776777,75,7.943238251383925e-11,0.9971269546637366,2.1708259121836638e-05
325.36736736736736,75,3.031209095086669e-11,0.9989973967613484,4.422524153253477e-06
258.9009009009009,75,1.5724843386007635e-11,0.45148646779166063,6.07612860689471e-05
325.4674674674675,75,4.988990168004136e-11,0.9610042002638864,5.455192882690284e-05
338.980980980981,75,3.11441914365413e-11,0.9950334841417869,9.623845538185586e-06
264.2062062062062,75,4.644029927459318e-12,0.7065978937119407,1.2646431154170392e-05
258.2002002002002,75,1.344879846817231e-11,0.8247907032315959,2.960374485576119e-05
258.3003003003003,75,4.218256321700131e-11,0.9952283324901429,1.3725373572527066e-05
258.40040040040043,75,3.4352144173306074e-11,0.9979203191478372,6.969249362814683e-06
260.9029029029029,75,3.678507081017451e-11,0.9973274803085209,9.698419586557511e-06
261.003003003003,75,2.835952521775885e-11,0.9995735382517706,2.7696792408950987e-06
261.2032032032032,75,2.4042871207285964e-11,0.9713238886355308,1.9359157591744557e-05
261.3033033033033,75,1.8925140956463454e-11,0.9968458635315571,5.233022748074501e-06
262.6046046046046,75,1.3061172234653318e-10,0.9939163495078673,5.1337554423858745e-05
263.005005005005,75,3.350373665797603e-11,0.9964226973209332,1.1642540896419737e-05
263.20520520520523,75,2.2091338793058257e-11,0.9767280428387637,1.3868948367827684e-05
263.3053053053053,75,2.2251896070909887e-11,0.9990279580581074,3.5753127435129827e-06
263.4054054054054,75,1.4891760816645932e-10,0.9826296248589497,0.00013225863313753142
263.7057057057057,75,2.283980367269774e-11,0.9950143322151982,9.19770864215187e-06
265.4074074074074,75,8.406674468720746e-11,0.97554119792998,7.411362433966956e-05
266.5085085085085,75,4.8187305666113877e-11,0.9745215280406062,3.4061005808487505e-05
267.8098098098098,75,1.6710536346969453e-11,0.9639549319532621,1.2769458312613019e-05
268.2102102102102,75,3.6513732131095623e-11,0.9742676682636715,2.9791898733138335e-05
268.7107107107107,75,1.5875691677400733e-10,0.9882093746191695,9.288393095019001e-05
268.9109109109109,75,4.817559486160391e-11,0.9980794312748581,1.328250611759543e-05
269.2112112112112,75,2.2864243436363318e-11,0.9992296596887025,2.6118811680411974e-06
269.31131131131133,75,2.8079248887909612e-11,0.9995213851989375,2.7684880098158522e-06
269.4114114114114,75,2.986420175753987e-11,0.9105189634256136,3.160045744953324e-05
269.7117117117117,75,6.870777476858791e-12,0.9776303799407255,4.92023406526328e-06
270.2122122122122,75,5.714416082792359e-11,0.9993854369885531,7.349589306227038e-06
270.41241241241244,75,3.3183118069384904e-11,0.9749729949969548,2.5219922249250665e-05
271.6136136136136,75,2.7573970474882392e-11,0.9769079093022219,1.8735157977299204e-05
271.8138138138138,75,1.7120824097159945e-11,0.9142454395175627,1.9786037355736397e-05
272.3143143143143,75,1.5800420210597948e-11,0.9986170305567014,3.0405753664906315e-06
272.51451451451453,75,1.795140067334853e-11,0.9785074364466071,1.0885844038595502e-05
272.7147147147147,75,4.172568229881112e-11,0.9951341562072442,1.3310519804099276e-05
272.9149149149149,75,3.800021209617097e-11,0.9985450103385355,7.373286055689338e-06
274.8168168168168,75,2.816632487871375e-11,0.8987994017795095,3.541600053739765e-05
274.91691691691693,75,4.270833145789223e-11,0.9997353271693916,3.6265456017859306e-06
275.4174174174174,75,2.502820274314256e-11,0.7605707647515595,5.5716727230629055e-05
275.6176176176176,75,4.598911668512259e-11,0.9984174297675259,8.354040320448054e-06
275.8178178178178,75,4.7896893119499475e-11,0.9378331075225823,4.510184804486612e-05
276.01801801801804,75,8.798897121199811e-12,0.9604517657064111,6.956839903340487e-06
276.4184184184184,75,4.509112241209607e-11,0.9936204321364077,1.6320800395357776e-05
277.019019019019,75,2.0323564580299918e-11,0.9979071644048506,4.4338495901416945e-06
277.1191191191191,75,2.5988031148806325e-11,0.9895137360459764,1.1155973320123979e-05
277.7197197197197,75,2.2778040934294812e-11,0.9938845626671512,8.405166582167272e-06
277.8198198198198,75,5.184528390912766e-11,0.9116801468708435,6.655486575774254e-05
278.02002002002,75,5.8366580440222145e-12,0.4811948018089605,2.366113845588236e-05
279.1211211211211,75,3.34827913605747e-11,0.9948506644970011,1.2062090425042538e-05
279.3213213213213,75,7.469858972123355e-11,0.9909810598032038,3.437331886026008e-05
279.8218218218218,75,1.7443740696734916e-11,0.9879273319321203,8.736550052836132e-06
280.6226226226226,75,2.4084659895161883e-11,0.9883317142954294,1.0410517535232736e-05
280.82282282282284,75,4.149655022692816e-11,0.9732576314807216,3.011789413045105e-05
281.2232232232232,75,1.1600966356421749e-10,0.9827756490703813,7.311784598306992e-05
283.3253253253253,75,1.3748771350093923e-11,0.9245561576252953,1.761400599379142e-05
283.42542542542543,75,2.0182490122750043e-11,0.9815458021966753,1.548485516068645e-05
283.8258258258258,75,1.1619579227871919e-10,0.9971649907611204,3.0293659070655503e-05
284.22622622622623,75,1.8488849628862458e-11,0.85445077146394,2.991904112277196e-05
285.5275275275275,75,2.5779138718193596e-11,0.9940844067344768,1.1385357820746564e-05
285.7277277277277,75,2.887477453501453e-11,0.9804480468841539,1.4265367733744702e-05
285.92792792792795,75,4.313730897811558e-11,0.993397171363797,1.862703608720668e-05
286.5285285285285,75,6.1712682351580364e-12,0.9691180835342563,4.919429668824102e-06
287.3293293293293,75,6.307559384762724e-12,0.9267924541664829,6.203551401782212e-06
287.52952952952955,75,2.842437303881108e-11,0.9683145594952032,2.3011954203439506e-05
288.1301301301301,75,6.431169540518642e-11,0.9407573818771852,0.00010099290933540007
288.4304304304304,75,1.754793839495726e-11,0.9954160062011257,5.49316370563689e-06
288.83083083083085,75,4.559728342100188e-11,0.9822685857727146,3.355771266152962e-05
289.13113113113116,75,4.814157390189691e-11,0.9980961360950293,1.0421734934903984e-05
289.4314314314314,75,1.1203309779062246e-11,0.912703322110906,1.2764985186275816e-05
289.7317317317317,75,5.2885249972532746e-11,0.9673459196422185,5.269973288652378e-05
290.23223223223226,75,2.4099125714469654e-10,0.9958770813521741,8.570854304092261e-05
290.5325325325325,75,3.8591473675188136e-11,0.9991475427309873,5.6502976172347874e-06
290.63263263263264,75,4.828588597611962e-11,0.785085023191541,0.00011580564820138918
292.23423423423424,75,6.446876515153122e-11,0.9945974291249966,2.1055250040377672e-05
292.6346346346346,75,3.920588961079854e-11,0.999575976144546,4.1016255187190355e-06
292.73473473473473,75,2.9881933553536305e-11,0.9969842507799438,7.05822912557357e-06
292.9349349349349,75,1.9211199494732125e-11,0.9949147829688579,6.49100525915959e-06
293.53553553553553,75,2.4880021155580994e-11,0.9841297856552844,1.5415166773786774e-05
293.83583583583584,75,7.741181953097621e-11,0.9997826070139899,6.6110118638397555e-06
293.93593593593596,75,3.6454443495260847e-11,0.9913335645532767,1.4315675590341248e-05
294.036036036036,75,2.976837432357416e-11,0.9931366400990667,1.143921112988817e-05
294.2362362362362,75,1.955390292973326e-11,0.9869763799814454,1.2945612720392068e-05
294.33633633633633,75,1.263348401292309e-10,0.9888389274691541,6.073207018039292e-05
294.73673673673676,75,5.813578665694942e-11,0.9685089372214943,4.307878217421509e-05
295.13713713713713,75,1.758325916246816e-11,0.9979282739400644,3.858773209377232e-06
295.3373373373373,75,3.17055738866869e-11,0.9897648249530375,1.5024583125573207e-05
295.73773773773775,75,2.3587127647292115e-11,0.9904205196323866,1.2578925473655528e-05
296.4384384384384,75,1.802818749878971e-11,0.9350342195966587,1.7583763068407917e-05
296.53853853853855,75,1.9804544273139134e-11,0.9888966932257586,9.081471573366214e-06
297.53953953953953,75,1.4645875217128412e-11,0.8796285017402153,2.08370542899997e-05
297.7397397397397,75,4.4854845408003054e-11,0.8335984096070018,9.493320005850362e-05
298.34034034034033,75,5.928356403054194e-11,0.9988553438087914,9.775434237278002e-06
298.44044044044045,75,1.569423144617169e-11,0.9634682374405845,1.2209721433555437e-05
298.64064064064064,75,1.535863278053893e-11,0.936240470667815,1.4698556676280041e-05
299.44144144144144,75,4.6276001511798985e-11,0.997296585766641,1.1114161379994124e-05
299.6416416416416,75,2.3523296499603506e-11,0.9952396457525509,6.82454415753643e-06
299.74174174174175,75,1.1321641492629248e-10,0.9877810462803764,6.238236909394559e-05
299.84184184184187,75,6.865368898341408e-11,0.998228005798394,1.5795151706500183e-05
300.04204204204206,75,4.3519205196193304e-11,0.9525614383646077,5.785864395808116e-05
300.34234234234236,75,6.481448504120191e-11,0.9990039693843391,9.269626795768243e-06
300.54254254254255,75,4.792699964291586e-11,0.9496066974087792,4.83609561936788e-05
301.44344344344347,75,1.733980619367608e-11,0.9814409574054155,9.224791502858537e-06
301.94394394394396,75,2.5603741185542455e-10,0.961068333329621,0.00028047056813529413
302.14414414414415,75,4.1574520799691976e-11,0.9623808221462764,3.973809235834421e-05
302.94494494494495,75,2.684688241196342e-11,0.9976277504594614,5.707868773173683e-06
303.14514514514514,75,2.7724723176266277e-11,0.9795792136566719,2.0769234834333142e-05
303.3453453453453,75,3.6376313991020715e-11,0.9484657043183098,3.806537370043737e-05
303.74574574574575,75,1.6881342750492368e-11,0.9317888629533471,1.75990474915217e-05
304.24624624624624,75,1.264618394926003e-10,0.9708072248756898,0.00012246798950510583
305.14714714714717,75,3.168228522195711e-10,0.9996804008058492,3.896769764280972e-05
305.64764764764766,75,3.357736785484111e-11,0.9913260970803848,1.392760547192044e-05
305.7477477477478,75,9.913597233793732e-11,0.9644999842852126,8.261887155955798e-05
305.94794794794797,75,2.8762235837736048e-11,0.9702147341839125,2.0114335904887694e-05
306.04804804804803,75,8.344732376097426e-11,0.9995456157215443,9.661659815700798e-06
306.44844844844846,75,1.5439314577445164e-10,0.9758829712418994,0.00010659861673732489
306.5485485485485,75,2.4402904447956436e-11,0.9834754367925228,1.1255496644484017e-05
306.84884884884883,75,1.170318478343812e-11,0.7934104887323922,2.46537324445766e-05
306.94894894894895,75,3.966252475107867e-11,0.9939178888498874,1.5402391178477905e-05
307.14914914914914,75,1.267042477242759e-10,0.9305711303148272,0.00013568018462052043
307.64964964964963,75,2.8368103894122835e-11,0.9811856040314251,1.8954146691138473e-05
307.74974974974975,75,4.731382303696539e-11,0.998561083389285,8.243737772574641e-06
308.1501501501501,75,2.5911790722064898e-11,0.9684493503432033,1.8615792976413395e-05
308.55055055055055,75,9.66744015363466e-11,0.9793636043425077,8.315382030890581e-05
308.75075075075074,75,3.6735563450447004e-11,0.9533045409613103,4.065447573013741e-05
308.85085085085086,75,1.5820607593506964e-11,0.7451986273243645,3.124528796875894e-05
309.35135135135135,75,1.3855320473024955e-11,0.9310287345633917,1.4849368235364379e-05
309.55155155155154,75,1.1871879070295187e-11,0.9463829058603634,1.1435243780439723e-05
309.95195195195197,75,1.224285463847209e-10,0.996705940878235,3.661350614030223e-05
310.75275275275277,75,3.693230767442334e-11,0.9242547833455795,5.604205278680824e-05
311.3533533533533,75,3.167000942430352e-11,0.9780659979392977,2.1819644918096552e-05
312.25425425425425,75,3.096737219877469e-11,0.9943786482269996,1.0291080824223125e-05
312.45445445445444,75,2.3138492744904633e-11,0.9812127661887785,1.5068477472936953e-05
312.55455455455456,75,4.4767396752922554e-11,0.9965382697460978,1.4615314891783955e-05
312.6546546546547,75,1.6684944021646762e-10,0.9995641342666746,2.378008917512979e-05
312.75475475475474,75,2.3021888917904715e-11,0.9926813165978821,8.646035782961534e-06
313.55555555555554,75,8.712215916521977e-12,0.546727455410759,2.7707941255364413e-05
314.05605605605604,75,7.352406433212913e-12,0.8824134075471995,1.4930616692850582e-05
314.7567567567568,75,5.386671587969928e-11,0.994617733230347,1.9988432321653204e-05
315.15715715715714,75,6.508064067307247e-11,0.9704061690380517,7.098606413125135e-05
315.5575575575576,75,1.050613868288273e-11,0.9645693651204653,7.713327744377292e-06
315.65765765765764,75,5.912195730989039e-11,0.9977779399452392,1.3052823107400565e-05
315.8578578578579,75,1.3803161560371038e-11,0.916079109076935,2.065856822887754e-05
315.95795795795794,75,1.640325601657404e-10,0.9625975239779025,0.0001916415001293275
316.15815815815813,75,3.2403197737086636e-11,0.9968212156801773,7.789040113865906e-06
316.3583583583584,75,4.097532813025397e-11,0.9935857801523754,1.7043407191603568e-05
316.55855855855856,75,2.8212078260626678e-11,0.9765611451197885,1.9613059167251387e-05
316.85885885885887,75,1.183556233163036e-11,0.9954328109344929,3.6431126596565642e-06
317.35935935935936,75,2.6166022069336376e-11,0.8225336618819857,5.1298945871735275e-05
317.65965965965967,75,2.0401366888133428e-11,0.9921987745081355,8.805840604602549e-06
317.85985985985985,75,1.265423035762756e-10,0.9636926610407054,0.00013734747134392698
317.95995995996,75,2.446442358840688e-11,0.9652795895129355,1.943500198086746e-05
318.16016016016016,75,3.0250723459076687e-11,0.9928670796762247,1.1852254538712633e-05
318.36036036036035,75,4.768441074959777e-11,0.8920412949699541,6.209499776044038e-05
318.86086086086084,75,3.8629717779196006e-11,0.9887827794982892,2.087310968612917e-05
318.96096096096096,75,6.032887255967766e-11,0.9955547326666164,2.085370664438001e-05
319.66166166166164,75,1.1061220294378781e-10,0.9967103227319528,3.212342100202509e-05
319.96196196196195,75,2.8273915478908967e-11,0.9723346838334035,1.908827178477146e-05
320.06206206206207,75,1.8020628440346375e-11,0.9092774338520784,1.9625972719350633e-05
320.96296296296293,75,4.153809431871507e-11,0.9768760516697234,3.071733590212234e-05
321.1631631631632,75,4.540626007305629e-11,0.9971768880157135,1.127888588245063e-05
321.56356356356355,75,1.2555018645852582e-10,0.9822324952736285,9.67410868980954e-05
322.2642642642643,75,5.70636139613901e-11,0.9998459905616996,4.117974148438443e-06
322.36436436436435,75,1.2251596588227742e-11,0.952960497056243,1.0719442913638591e-05
322.96496496496496,75,8.384411679965898e-11,0.9853136548585368,5.0377918583277425e-05
323.3653653653654,75,1.3798823781257215e-10,0.9980985159510278,3.922385473190698e-05
323.46546546546546,75,7.228978578810101e-11,0.9544932910605417,7.602590323252974e-05
323.66566566566564,75,8.457049957193113e-12,0.9420790039918009,9.110348497260984e-06
324.06606606606607,75,9.535698863538131e-11,0.9902609900221395,4.38631121663249e-05
324.4664664664665,75,3.131395962331966e-11,0.9905304711686387,1.37449227653949e-05
324.56656656656656,75,9.977496967716437e-11,0.9749057654025022,7.057997049615606e-05
324.66666666666663,75,3.0354291264279384e-11,0.9720450747420382,2.3070231937935415e-05
326.7687687687688,75,2.986081176856563e-11,0.9515935548253391,2.5180525869213666e-05
327.2692692692693,75,6.323000009132875e-11,0.9967827027627489,1.8694259930045645e-05
327.46946946946946,75,2.7369208981725972e-11,0.9309202383150603,2.8097056590477664e-05
327.8698698698699,75,1.9504779914495967e-10,0.9906236761702819,0.00010790663446522422
328.0700700700701,75,7.528935920101385e-11,0.998102961746065,1.601460558923451e-05
328.27027027027026,75,4.4237101729245925e-11,0.9949344138231461,1.6823479611701365e-05
328.3703703703704,75,5.527449950300353e-11,0.9963416672314094,1.7671112327824197e-05
328.6706706706707,75,2.4344051847575183e-11,0.9956466966246138,6.486907370659967e-06
328.97097097097094,75,4.592901270010983e-11,0.9679043512214057,4.201842577100813e-05
329.1711711711712,75,1.111472843526331e-10,0.9900170146719474,5.235130696509455e-05
329.4714714714715,75,1.2733043607262898e-11,0.9018206188147753,1.6255265231299678e-05
329.971971971972,75,9.622684959240301e-11,0.9949606762710486,3.075642902303389e-05
330.17217217217217,75,2.0435600441666147e-12,0.09545732490559994,1.9246652552870584e-05
330.57257257257254,75,3.64645006033943e-11,0.9852247951753836,2.3048609000510415e-05
331.0730730730731,75,1.2480724806531916e-10,0.9985625066282752,2.146664105152497e-05
331.3733733733734,75,5.167527515841565e-12,0.03647044302763312,7.975488093820487e-05
331.67367367367365,75,2.7372732562572118e-11,0.2809562181902037,0.0001510329687064385
331.8738738738739,75,2.592319756498452e-11,0.9770949303211524,1.91077511944991e-05
332.1741741741742,75,4.400814620064613e-11,0.9868646145765843,2.754858088328038e-05
332.57457457457457,75,4.662141159430495e-11,0.992301953308974,1.7816689198723292e-05
333.4754754754755,75,7.444910402394746e-11,0.997154116682818,2.084346470104457e-05
333.6756756756757,75,4.907639502864889e-11,0.9919138345401274,2.3501045811179547e-05
333.87587587587586,75,4.599074517744586e-11,0.9976104898547017,9.34319107332153e-06
334.97697697697697,75,9.382651333649447e-11,0.9995091993364387,1.1221784015933114e-05
335.0770770770771,75,5.334249434705024e-11,0.9985829047211713,1.0279083165288705e-05
335.47747747747746,75,3.827591785720946e-11,0.9180828296354213,6.341248904569525e-05
336.0780780780781,75,3.6067806980908586e-11,0.953598694113806,3.109509587927263e-05
336.3783783783784,75,4.449272001143621e-11,0.9958591927640054,1.2861735748930977e-05
336.5785785785786,75,3.392815366212192e-11,0.9167158370922701,3.614773439565063e-05
337.87987987987987,75,1.1291530228923819e-10,0.9658687815184017,8.068779914488095e-05
338.7807807807808,75,1.631821948537659e-11,0.9239234499188171,1.691190870236285e-05
339.0810810810811,75,9.988433842892735e-12,0.9838610816120402,5.3333178505958e-06
339.2812812812813,75,2.0001110186398413e-10,0.9923257689312314,0.00010366995374933347
339.3813813813814,75,8.677784058154053e-11,0.9317135588217059,0.0001371164999279547
340.5825825825826,75,2.9985281255905197e-11,0.9719300237971467,2.079481897716311e-05
340.78278278278276,75,1.7526072511873012e-11,0.6797012055453517,4.972099218477757e-05
341.6836836836837,75,4.500058224623287e-11,0.9856120233943149,2.345602050303395e-05
341.88388388388387,75,3.5153846430565597e-11,0.9808637577471131,1.9628484483152567e-05
341.983983983984,75,6.47264855003782e-11,0.9934710292628296,2.493797143239081e-05
342.1841841841842,75,6.832460863805727e-11,0.9885344950315686,3.6330237785550865e-05
342.4844844844845,75,2.8744887649810415e-10,0.9979651388122295,8.1093392710371e-05
343.0850850850851,75,1.7077217682895092e-10,0.9968927251930618,4.664088211461469e-05
343.38538538538535,75,3.732335475564342e-11,0.973088572159007,2.715879733865318e-05
344.6866866866867,75,5.939723258426992e-11,0.9989018063083344,1.0909152155027362e-05
345.1871871871872,75,1.099122567620398e-10,0.9926420317962815,4.3033390002434135e-05
345.7877877877878,75,2.164975286135535e-11,0.9237090693161716,2.472704964979152e-05
346.1881881881882,75,3.390286020464455e-11,0.9798126551633913,1.992550356148452e-05
346.2882882882883,75,7.429026309952382e-11,0.981542107412959,4.732413247848486e-05
346.68868868868867,75,3.3408401898351515e-11,0.9372104279716762,3.155622435331568e-05
347.3893893893894,75,3.9670065295387595e-11,0.9977007409206881,9.908657319775276e-06
347.5895895895896,75,1.4957154554362637e-10,0.97992953580022,0.00011071112257257349
347.8898898898899,75,6.165102648086153e-11,0.9676850471754174,5.080458119204775e-05
348.1901901901902,75,8.272910614973686e-11,0.9616254536977247,0.00010233912364861784
348.3903903903904,75,5.5817920006019e-11,0.9984263996538405,1.2227854091123785e-05
348.990990990991,75,6.409543167587428e-11,0.9947164267988992,2.5513785254639766e-05
349.29129129129126,75,1.235972789117303e-11,0.7831018695861812,2.2727741169178397e-05
350.1921921921922,75,1.326708945406164e-11,0.5479566399568826,3.861724269843227e-05
350.39239239239237,75,4.8781715678303915e-11,0.981434804747184,2.9944166543909875e-05
350.7927927927928,75,4.735419080182156e-11,0.9904655956187928,2.0410912054783947e-05
351.2932932932933,75,6.46782638067965e-11,0.9872135038823414,3.0492834393292126e-05
351.4934934934935,75,6.891044445809514e-11,0.9956815976116764,2.060821470180322e-05
351.6936936936937,75,2.3610704442684055e-10,0.9860065640925852,0.00015264886084341778
352.3943943943944,75,1.7462864424423507e-10,0.9651917634111464,0.00015684924572650382
353.6956956956957,75,1.6111094323083468e-10,0.993857656992364,7.456160684282436e-05
354.2962962962963,75,3.9080744107450457e-11,0.9983790244207327,7.334865084991831e-06
354.4964964964965,75,1.8506718453069687e-10,0.9985554652646607,3.4246998491566295e-05
354.6966966966967,75,4.299234533507077e-11,0.9950580760949731,1.6442857558269634e-05
354.996996996997,75,4.8990169939603516e-11,0.9993888163719833,5.67048730122408e-06
355.3973973973974,75,7.878566489073053e-12,0.8138148122261,1.1750934887116958e-05
355.7977977977978,75,2.0146541547558762e-11,0.9728170464468382,1.7388789728113637e-05
355.997997997998,75,6.828031874836996e-11,0.9977713225617865,1.5543077625564586e-05
356.0980980980981,75,4.8162234261483374e-11,0.7384370759792568,0.00010716011021640837
356.4984984984985,75,4.754364886100805e-11,0.9902149825671333,2.3116411887708402e-05
357.1991991991992,75,1.8083249428296423e-10,0.9373891738535751,0.00021192110244616958
357.3993993993994,75,6.645904802824981e-11,0.9797694982922904,4.261588820583634e-05
357.6996996996997,75,7.370658182929717e-11,0.9920482750354219,3.205857088071801e-05
357.7997997997998,75,4.7731578485929926e-11,0.9974858590816724,1.0867814954733117e-05
310.5525525525526,100,5.32280989015513e-11,0.9532109410377185,5.175238256776356e-05
274.6166166166166,100,1.0711251040243903e-10,0.9824051766011698,6.296599042249203e-05
321.4634634634635,100,2.070560450545299e-11,0.9949294734550117,7.46816309649508e-06
274.71671671671675,100,2.4403205918398336e-12,0.7970356009036543,6.3632053855710474e-06
300.24224224224224,100,1.7530784976871546e-11,0.9085578888310832,2.0567511166975787e-05
264.1061061061061,100,1.1081452390367123e-10,0.9902237192368323,5.367727465191015e-05
270.8128128128128,100,1.5694343753437635e-11,0.9979525860839327,3.0727269092200858e-06
316.45845845845844,100,1.0381631143429737e-10,0.9973006070652783,2.5746496822794402e-05
282.024024024024,100,1.3364616567815065e-11,0.9911223587716972,6.665613861242241e-06
330.2722722722723,100,4.660503715036469e-11,0.9802257166984525,3.534306033443143e-05
280.7227227227227,100,2.0630122902895236e-11,0.9840809143527697,1.1852514730637453e-05
279.4214214214214,100,1.4496838684603157e-10,0.9990483472896963,2.2808600113070117e-05
311.25325325325326,100,1.1537165228074238e-11,0.9982337667438036,2.3916091655013035e-06
286.62862862862863,100,2.698324697324414e-11,0.9708379777992765,2.2488707041633715e-05
322.46446446446447,100,2.0169356270064424e-10,0.9981976967750072,5.277730326433654e-05
296.63863863863867,100,3.2335100678805126e-11,0.9156198850061579,4.197465314336344e-05
288.23023023023023,100,6.516029975880237e-12,0.853258178792335,9.456906366297024e-06
301.04304304304304,100,7.600283515081005e-12,0.9750217297254921,4.746329320511813e-06
260.2022022022022,100,9.5428963300561e-12,0.9873421511813357,4.795271849252525e-06
311.0530530530531,100,1.7174613741969582e-11,0.9982717403111789,3.7160399519538597e-06
350.992992992993,100,1.0355368762478666e-11,0.9122507175793406,1.199395068247108e-05
317.25925925925924,100,2.374176621582037e-11,0.9625517858768612,2.2162528436093798e-05
332.3743743743744,100,1.1213460062708394e-10,0.9927512962300656,4.2829947722970176e-05
332.77477477477476,100,6.370765307060689e-12,0.9620401864563624,5.336017178382401e-06
326.86886886886884,100,6.346553553253783e-11,0.9859725624213034,3.306610368687868e-05
289.93193193193196,100,7.497789966646739e-12,0.9161716390321379,9.951625144186874e-06
271.21321321321324,100,-7.356778315321389e-14,0.006924948686363287,2.4729799891704544e-06
304.44644644644643,100,5.1041598503697414e-11,0.9996705771770575,5.2015624415365106e-06
299.24124124124126,100,1.0629564165215737e-11,0.9886552466708706,4.998924916258889e-06
353.89589589589593,100,8.797709019244443e-11,0.9990342885762593,1.3588028657702062e-05
295.6376376376376,100,2.3454189393924186e-11,0.980677212570217,1.5348785730304113e-05
351.0930930930931,100,9.776695147681257e-12,0.8822054259058785,1.1663698494955049e-05
272.01401401401404,100,1.810774244773425e-11,0.9634759314375774,1.4794911937391005e-05
278.12012012012013,100,4.1681370822672906e-12,0.9244882934125341,4.482224213444923e-06
347.2892892892893,100,1.6109171632241797e-11,0.9927602723433379,6.322522112199257e-06
287.6296296296296,100,3.3912873124772796e-11,0.993490769226997,1.4747326335488676e-05
346.4884884884885,100,8.97611849994173e-12,0.9811278235664512,5.360949282027178e-06
310.65265265265265,100,1.648753433209412e-11,0.9475611155900348,1.6362648364924805e-05
273.61561561561564,100,4.922904723747455e-11,0.9990965397543695,9.55413163892929e-06
344.0860860860861,100,6.078096224644446e-11,0.9944923283402844,1.91556097904409e-05
264.6066066066066,100,5.71273829034893e-12,0.8081329939161354,1.1429437561639897e-05
327.66966966966964,100,4.344341069568756e-12,0.939237344404389,5.11537024502669e-06
261.8038038038038,100,2.895677939861126e-12,0.7568692108324485,5.9072101792249336e-06
335.1771771771772,100,1.2852787736454605e-10,0.9982732126522925,2.646890080555669e-05
339.7817817817818,100,2.7330108125817598e-11,0.9811120338531576,1.6277430292885443e-05
356.79879879879877,100,5.4909520923450505e-11,0.9762918206087036,4.254345506340545e-05
291.3333333333333,100,7.636853798501303e-11,0.996939476369519,1.7096033492276156e-05
282.3243243243243,100,2.8034622897360533e-11,0.9981504812048485,4.9400332163365375e-06
283.9259259259259,100,1.2426165943639846e-11,0.8920436226384418,1.8072031609247706e-05
336.1781781781782,100,8.766829197536505e-12,0.9928898084560808,4.46513324550512e-06
304.84684684684686,100,1.8580029733243684e-11,0.9924796662757089,6.419945004775509e-06
261.7037037037037,100,1.5830591238458862e-11,0.9627926381923517,1.136188086868919e-05
273.31531531531533,100,5.609600315450242e-12,0.8772839434168924,9.457066125038812e-06
322.8648648648649,100,5.133000039216312e-11,0.9998016803233668,4.0303054464489315e-06
285.32732732732734,100,1.4180719508075976e-11,0.9901967969608061,7.577278889656284e-06
350.5925925925926,100,1.0755349759716123e-10,0.9952747105439315,3.4251524172519986e-05
343.6856856856857,100,1.2598706270054291e-11,0.9540906745621189,1.087410032842643e-05
298.04004004004,100,1.7057093887603025e-10,0.9989174092320323,2.9189230424705034e-05
322.7647647647648,100,8.168919280662662e-12,0.8098127852526149,1.6350916481878236e-05
265.60760760760763,100,1.3486674681531286e-11,0.9618773551144147,1.6308250992821715e-05
273.1151151151151,100,2.3713095004638794e-11,0.9987729457756659,4.877727215602205e-06
260.4024024024024,100,6.057981058176502e-12,0.8997297178590486,8.619445643148148e-06
340.0820820820821,100,3.999264120715354e-11,0.9592759794097835,4.904264827612497e-05
291.93393393393393,100,3.949644526444379e-12,0.7083447912543116,9.278653184531919e-06
305.4474474474475,100,3.817644497943659e-11,0.999803280307287,2.8501962963915134e-06
277.91991991991995,100,1.5419068300009282e-11,0.9968565007359762,5.527714780483206e-06
354.1961961961962,100,4.584516054116685e-11,0.9719144686246511,3.076697924883124e-05
290.43243243243245,100,1.6093920818591092e-11,0.9560139783412875,1.414146213437345e-05
348.6906906906907,100,2.3573859669572434e-11,0.9976940251456424,5.038023551161133e-06
356.1981981981982,100,1.0589484059315333e-10,0.9629194324927356,9.779969359945289e-05
343.7857857857858,100,1.279444193016441e-10,0.9882632669652063,6.63079550174008e-05
335.37737737737734,100,4.3213510148963275e-11,0.9994937970813369,4.8637069879959775e-06
284.32632632632635,100,8.197009287987611e-12,0.9786720641093956,5.629595634913965e-06
279.72172172172174,100,1.2201381134474382e-11,0.9809274809150668,8.060662126429613e-06
264.80680680680683,100,3.9501994155371015e-11,0.9932301842945129,1.5308558329354748e-05
261.4034034034034,100,3.2767849098546536e-11,0.9979519443350017,6.233928709278752e-06
258.0,100,6.103771335923726e-11,0.9983359496349099,1.323741197423592e-05
258.6006006006006,100,1.302038111098965e-11,0.9896506221494392,5.362091168493047e-06
258.8008008008008,100,5.328557176085181e-12,0.9774239711072952,4.269312854592927e-06
259.1011011011011,100,9.819538457303547e-12,0.9050808807744142,1.5464125175465357e-05
259.3013013013013,100,2.8950690699841594e-11,0.9920125850336968,1.5989112130416598e-05
259.5015015015015,100,1.896155164457687e-12,0.9408990414532722,1.8101361226949107e-06
259.6016016016016,100,1.2094092227951204e-11,0.9964647599649811,3.407626436837392e-06
259.7017017017017,100,1.006905725335146e-11,0.9896464186411716,4.447673790669632e-06
260.00200200200203,100,8.356695600660298e-12,0.9913480101643488,4.0596893091062395e-06
262.004004004004,100,1.2649739330274031e-11,0.992106306369998,5.056242945008766e-06
262.1041041041041,100,3.269776071998969e-12,0.9925031023461227,1.4592512404520715e-06
262.8048048048048,100,2.1527111184834863e-11,0.9939859943685678,9.588864324993139e-06
262.9049049049049,100,1.4180719028694016e-11,0.9955170737660337,4.379967759736475e-06
263.8058058058058,100,1.5402895823276605e-11,0.9930312062593275,6.4397941348928945e-06
264.00600600600603,100,5.817483591383726e-12,0.9332266341918275,5.59546875764445e-06
265.3073073073073,100,4.57340426025835e-11,0.9554781645951356,9.733972902124578e-05
265.5075075075075,100,3.1774138654209037e-12,0.9551119826008921,2.8243879076489406e-06
265.8078078078078,100,6.436709907297286e-12,0.9446004815232962,6.763415805869615e-06
266.2082082082082,100,1.2534318692283797e-11,0.9675575744422201,9.421913497335042e-06
266.9089089089089,100,1.0274376820717011e-10,0.9922434495928856,4.022167128264315e-05
267.009009009009,100,9.008399294670739e-11,0.9887451431700298,4.923583241986428e-05
267.3093093093093,100,5.8029440908823454e-12,0.9766209960813458,3.5407305106754624e-06
267.6096096096096,100,7.587189674650909e-12,0.9820880802675287,4.533167363816817e-06
268.5105105105105,100,2.4106872354411597e-11,0.9389778433259038,2.5620448034837507e-05
268.81081081081084,100,7.869643455229979e-12,0.9120347210080032,1.502689911999927e-05
269.011011011011,100,9.931864428577904e-12,0.9964623750050596,2.576384592954133e-06
269.8118118118118,100,1.575952094262552e-11,0.9854598367928804,1.0329932974713194e-05
270.012012012012,100,6.576652314767619e-11,0.9942446537441384,2.8333095633098555e-05
270.11211211211213,100,6.90006237269999e-11,0.9827079636712128,4.467984015434972e-05
270.3123123123123,100,2.491271625052428e-11,0.9955999143211944,7.301377612824539e-06
270.6126126126126,100,3.6366429763469475e-11,0.9987682894466768,6.6051641304069765e-06
271.5135135135135,100,1.2277697896505575e-12,0.7653767076398108,2.6903747386632096e-06
271.71371371371373,100,5.953571980536557e-11,0.9839981798786352,3.747848739330779e-05
272.2142142142142,100,2.8103173334890704e-12,0.7061283239148866,8.739284968044784e-06
272.6146146146146,100,3.591645035788815e-11,0.9293133430482527,3.7764768290397156e-05
272.81481481481484,100,2.7380002358458138e-11,0.9935480749269904,1.0341224548388743e-05
273.015015015015,100,6.108584668732725e-12,0.9274686776412686,6.55583125201339e-06
273.5155155155155,100,2.570790119306781e-12,0.258282446910921,1.32067600865294e-05
273.9159159159159,100,7.310118554005301e-12,0.9970611006681911,1.9661728218269357e-06
274.2162162162162,100,2.0065016375757382e-11,0.9823995216564398,1.1426504043923443e-05
274.3163163163163,100,3.312555168427364e-11,0.9995435777727341,4.102419051353836e-06
274.5165165165165,100,3.5114807210179115e-11,0.9866865781348958,2.1254836474068247e-05
275.21721721721724,100,1.0148316163165643e-10,0.9962936634150303,4.3728644707333735e-05
275.3173173173173,100,1.1000365237422481e-11,0.9935793357299336,4.4733294191757425e-06
276.31831831831835,100,1.9885144220802294e-11,0.9977208011185092,4.755731794527475e-06
276.7187187187187,100,1.4391659798974966e-11,0.9850124924660815,9.720097762989256e-06
277.2192192192192,100,1.0145000516430999e-11,0.9987694381585652,1.6071902338296079e-06
277.31931931931933,100,5.510038953503099e-11,0.9910250086358436,2.3682791122092774e-05
278.2202202202202,100,6.828543250371168e-12,0.9946895589010374,2.2525197049906024e-06
278.3203203203203,100,9.20971022085047e-11,0.9957592593176399,2.706100189050515e-05
278.5205205205205,100,2.88574234073654e-12,0.9277980214614211,3.848964692792825e-06
278.7207207207207,100,1.7066756329714407e-10,0.9950541851586752,5.751051432893399e-05
278.92092092092093,100,4.75050164464709e-11,0.9972478480896589,1.1424549166172985e-05
280.02202202202204,100,1.4526207849112559e-12,0.4922806692903237,5.7822253898920815e-06
280.52252252252254,100,1.8295959778937952e-10,0.9916381502378006,7.560309297967793e-05
281.9239239239239,100,3.360190679026881e-11,0.9881992104059094,1.6841678795601108e-05
282.12412412412414,100,1.7601538680398746e-11,0.9904238254704835,7.88997848276639e-06
282.2242242242242,100,8.371293576482193e-11,0.9890472638261645,4.092225323562002e-05
282.5245245245245,100,5.088205386895315e-12,0.9606360639032229,4.152584150814594e-06
282.8248248248248,100,1.1741364986301641e-11,0.9953520808354862,3.1475149189236264e-06
283.6256256256256,100,3.075330976914716e-11,0.9970375186967604,8.026456498834065e-06
284.7267267267267,100,1.5771655237379552e-11,0.9829945579781051,8.499710978046947e-06
285.62762762762765,100,1.6725101161818147e-11,0.9938808435572783,6.167816795214656e-06
286.2282282282282,100,1.4560405411719192e-11,0.945408992264572,1.7946705886330742e-05
286.3283283283283,100,6.011788616225343e-12,0.922334856054215,9.661101938419536e-06
287.22922922922925,100,9.344423250943384e-12,0.9880627209756115,8.580715414329285e-06
287.42942942942943,100,6.83512172322016e-11,0.9990153600533693,1.290220937306128e-05
287.8298298298298,100,7.570391865392464e-12,0.9710298870016196,4.954296084138665e-06
288.03003003003005,100,1.8115429466122627e-11,0.9902676741057671,7.202325715154666e-06
288.6306306306306,100,7.67587361557922e-12,0.9930994481326371,3.3310144867349173e-06
288.9309309309309,100,1.3152968490990997e-11,0.9931025444950954,5.194966719628192e-06
289.2312312312312,100,1.0998745318635253e-12,0.9105056207607528,1.4559636688949098e-06
289.33133133133134,100,1.3953357730205845e-11,0.9786528541226606,9.450592634914795e-06
289.5315315315315,100,3.77430143480607e-11,0.9937207191455467,1.4462482742999358e-05
289.83183183183183,100,1.1073534581367678e-10,0.9969188079458842,3.454513583662888e-05
290.032032032032,100,5.162228641124015e-11,0.9892961559460081,2.6324995104845266e-05
290.8328328328328,100,2.0750234355562968e-11,0.968876710616926,1.9408852954117758e-05
290.93293293293294,100,3.123438444867732e-12,0.876535960746155,5.851479757283349e-06
291.033033033033,100,1.662164926308302e-12,0.9639616385267225,1.7342674483673145e-06
291.73373373373374,100,2.443241110968998e-10,0.9891021880166087,0.00013376346053421755
291.8338338338338,100,7.084225831918869e-12,0.9814864233449055,4.84582879243858e-06
292.1341341341341,100,1.0639090896750447e-11,0.995063039717506,3.414764748994346e-06
292.53453453453454,100,4.121423489190421e-11,0.9877417689844822,2.29224998144169e-05
292.83483483483485,100,1.4685198563196447e-11,0.9908493808852907,6.068646254103871e-06
293.03503503503504,100,9.790624974675882e-11,0.9988284145260686,1.6255569083888885e-05
293.2352352352352,100,5.515418643356955e-11,0.9997402176759074,4.301009783151953e-06
293.63563563563565,100,2.4689816462902592e-11,0.9921744861874848,9.55384064420509e-06
294.43643643643645,100,1.455035980981527e-11,0.9647254847854283,1.2716663827748808e-05
294.5365365365365,100,4.466080440124179e-11,0.998716421552451,8.945338062845506e-06
294.93693693693695,100,3.7701225934387665e-11,0.9625409497975316,3.210245302030775e-05
295.23723723723725,100,1.227887619532314e-10,0.9998319700055474,7.65338614675015e-06
295.43743743743744,100,3.466810975080459e-11,0.9991371069634802,5.542771786110049e-06
295.93793793793793,100,1.3065133656801694e-10,0.9782435733195981,8.372214686563998e-05
296.73873873873873,100,1.1444159282918363e-10,0.9556909688145206,0.0001101308494512218
296.83883883883885,100,3.56407093342334e-11,0.9603812062780887,3.662582354636469e-05
297.03903903903904,100,3.3433516113330796e-12,0.9074676507323474,4.229477771557619e-06
297.93993993993996,100,5.86093233054787e-12,0.9270161532711358,6.458168120516693e-06
298.24024024024027,100,3.583225064928064e-11,0.9990864992259135,4.960117370241407e-06
298.74074074074076,100,2.0896178503125516e-12,0.9780604474464372,1.7885424445466047e-06
298.8408408408408,100,1.3168079834822641e-11,0.9606447567259194,1.1076778704931099e-05
298.94094094094095,100,7.351382218364673e-11,0.9998302060014034,5.4810206412206186e-06
299.54154154154156,100,9.033536823207909e-12,0.9467132696831784,7.696038333370453e-06
299.94194194194193,100,4.907855924060335e-11,0.9888761657080296,2.895077403208259e-05
300.9429429429429,100,2.8671322428092346e-13,0.0834349023306811,2.9325377994426055e-06
301.34334334334335,100,4.117991052629244e-11,0.9992786199366717,5.75573278914302e-06
301.54354354354354,100,9.858844179435059e-11,0.9922258983935298,4.008384596734947e-05
301.64364364364366,100,7.896468806111948e-11,0.99973120935642,7.787043863051736e-06
301.84384384384384,100,2.3253234914313035e-12,0.8230692757573215,6.2265427384129364e-06
302.2442442442442,100,9.721053777482076e-11,0.9997360993428862,7.961371148946185e-06
302.34434434434434,100,1.2660600259983092e-10,0.9795722099005754,8.486639987251318e-05
302.64464464464464,100,2.5382841806828605e-11,0.986251201515163,1.1917019576773162e-05
302.84484484484483,100,1.890627260269869e-11,0.9987705929025521,4.3135102445716555e-06
303.44544544544544,100,1.0860729556488634e-10,0.9973547833084848,2.487393843478772e-05
303.8458458458458,100,1.940541041835439e-12,0.17487067158107367,1.3258595243987724e-05
304.34634634634637,100,2.2473114217434696e-10,0.9996130022820456,2.66269779713343e-05
305.04704704704704,100,2.0359617117274042e-11,0.9764983245348479,1.1798899413256774e-05
305.24724724724723,100,6.208161709047756e-11,0.9998047835347296,4.556621074721974e-06
306.34834834834834,100,3.737205022155521e-11,0.976764391318992,2.643730713878572e-05
306.64864864864865,100,1.0484933900069498e-10,0.9976871634542995,2.4895299537247926e-05
306.74874874874877,100,1.3445417141213077e-10,0.999263452051822,2.120530570568579e-05
307.24924924924926,100,3.33653795560504e-11,0.9975345328954632,7.900814416864587e-06
307.3493493493493,100,3.0968872189301704e-11,0.9982117853099303,6.939718934039401e-06
307.44944944944945,100,9.191640458452078e-11,0.9971202977860066,2.721689432717508e-05
307.94994994994994,100,3.5930407346345973e-12,0.9349140854623665,4.133912958782561e-06
308.05005005005006,100,2.685609594108838e-11,0.9968162068188838,6.542753671190579e-06
308.9509509509509,100,1.3170518197030863e-11,0.7394549727913616,3.735522312406963e-05
309.05105105105105,100,8.084405997353487e-12,0.9581452115178173,7.5453881192398674e-06
309.85185185185185,100,1.0495342822468742e-10,0.9979336506191091,2.5076134513312515e-05
310.2522522522522,100,6.594383912643383e-11,0.9944820710384442,2.9646310551500816e-05
310.35235235235234,100,5.308305280236774e-11,0.9977034358954199,1.4501920632677742e-05
310.85285285285283,100,1.3041930010612556e-11,0.9546818629130323,1.3074859378328372e-05
311.45345345345345,100,1.4975672808323666e-11,0.9898933286807589,6.541622875032166e-06
311.75375375375376,100,1.0485659296560636e-10,0.9882102207623067,5.760059026837045e-05
311.8538538538538,100,5.693316343650854e-11,0.9994082305614285,8.247403965480432e-06
311.95395395395394,100,7.132730205364421e-11,0.998546873660651,1.5020846391348554e-05
312.05405405405406,100,6.39185138394298e-11,0.9889666915480934,3.3143146688204495e-05
312.85485485485486,100,5.130946107955236e-12,0.977148457535986,2.939962371529778e-06
313.25525525525524,100,4.2698724922713296e-11,0.9963678843267684,1.3641100896875565e-05
313.4554554554555,100,4.7976584321618276e-11,0.9771834605895602,4.329267746838756e-05
313.7557557557558,100,4.215948454414064e-11,0.9978608980829466,8.758043351507168e-06
314.2562562562563,100,1.6731547502774142e-10,0.9939794639629785,6.183850457190023e-05
314.65665665665665,100,7.866620380635178e-11,0.9959925822114388,2.409617917431413e-05
314.85685685685684,100,5.379876856341333e-11,0.9921858031656443,2.1463508778856052e-05
315.25725725725727,100,2.1887222348046847e-10,0.9925787550021555,0.00010510092889213669
315.35735735735733,100,2.577138517053381e-11,0.9997270045056375,2.174506203513324e-06
315.45745745745745,100,8.07797571168991e-12,0.9243100668204353,1.0271525456506701e-05
316.05805805805807,100,7.591987436004416e-11,0.998252864625876,1.695494865434585e-05
316.6586586586587,100,1.5241561439807718e-11,0.9991822584695822,1.9170858433041228e-06
317.55955955955955,100,3.5057381178008744e-11,0.9879569420618344,1.8194057864132352e-05
318.46046046046047,100,1.8735267577705337e-11,0.9708029141713694,1.5434557586883066e-05
319.0610610610611,100,1.876109668486658e-11,0.9634502566614103,1.5923580578878244e-05
319.26126126126127,100,6.9050204657243955e-12,0.9866922783023915,3.53621620627247e-06
319.3613613613614,100,3.812757578031291e-12,0.828009944752598,6.125303350892951e-06
319.8618618618619,100,2.953231190223247e-11,0.9975865141568762,5.863655458211618e-06
320.26226226226225,100,1.4058156973011825e-10,0.9990932123729411,2.586415380421355e-05
320.3623623623624,100,2.1405042080781093e-11,0.9955264789403636,7.428124328284675e-06
320.76276276276275,100,5.229399952722693e-12,0.946436287037739,5.746409894765683e-06
321.06306306306305,100,8.47408426714751e-11,0.9985985887725622,1.4847140626531982e-05
321.7637637637638,100,5.7202094997430946e-11,0.9750391949017895,5.278464604533923e-05
321.86386386386386,100,1.6036635790864386e-10,0.9996338915344525,1.587003896711854e-05
322.06406406406404,100,3.746538361968566e-12,0.8405256379698187,6.1391734966161e-06
322.66466466466466,100,5.020334230003432e-11,0.996259547223847,1.5389871066780183e-05
323.16516516516515,100,2.18907024695184e-11,0.9980491070017374,4.941813247456917e-06
323.5655655655656,100,6.374372803661873e-11,0.9992814116039834,9.240911381723045e-06
324.16616616616614,100,3.775115268610875e-11,0.9306241941260498,3.6695787422544845e-05
324.26626626626626,100,2.7296559102503287e-11,0.998712510502225,4.19199040359578e-06
324.966966966967,100,1.1658151554742113e-10,0.999246872907828,1.5709406777112108e-05
325.56756756756755,100,9.522588844396777e-11,0.9682647949255424,9.22120695269384e-05
325.7677677677678,100,1.9514942372268713e-10,0.998623382259216,4.1146592630581214e-05
325.86786786786786,100,2.509391389790882e-11,0.9945091108534301,1.152197217008641e-05
325.967967967968,100,5.340741451154653e-11,0.9840318717267603,3.1172274418537596e-05
326.2682682682683,100,3.564832966048507e-11,0.9745347350448846,2.7631071672630365e-05
326.4684684684685,100,1.503410037920534e-11,0.8900433650292164,2.8253303261760703e-05
327.16916916916915,100,6.634681290014605e-11,0.9906789710667534,2.7617579099243334e-05
328.47047047047045,100,3.4093095239201335e-11,0.9103048352223932,4.126524921403015e-05
328.8708708708709,100,2.917001389888424e-11,0.9531205981243004,2.6973413592654493e-05
329.07107107107106,100,2.4823377860014044e-11,0.9671435489574784,2.014354742462484e-05
329.2712712712713,100,2.8285395789392644e-11,0.9994462758973869,3.983131841447363e-06
330.07207207207205,100,5.670930011862095e-11,0.9983209102066171,1.1260043887068452e-05
330.4724724724725,100,2.4647873503099608e-11,0.9882060412224379,1.3900845976670327e-05
330.8728728728729,100,3.40698996673779e-12,0.8660164503312565,7.429348009189636e-06
330.97297297297297,100,4.187276663056467e-11,0.9928984688716075,1.652958814276753e-05
331.2732732732733,100,5.9996416934121844e-12,0.5979532384483868,1.5130673399340808e-05
331.5735735735736,100,4.272697814485366e-11,0.9961165496591732,1.8249852675845767e-05
332.0740740740741,100,1.162413394033008e-10,0.9990783225672248,1.7860161639427315e-05
332.27427427427426,100,1.1975326718278203e-10,0.9964674141305561,3.0981387432947405e-05
332.4744744744745,100,1.778820852203173e-11,0.9492567594944545,1.5532924957861534e-05
332.974974974975,100,2.7260196419666187e-10,0.9734548016644098,0.00025287771952754886
333.1751751751752,100,1.7756334480823406e-11,0.9937175941495614,6.665143067878022e-06
333.27527527527525,100,4.79654367060113e-11,0.9963023605022644,1.5861574554155215e-05
333.57557557557556,100,5.026668546238697e-11,0.9937560548579211,1.6272910645139092e-05
333.7757757757758,100,3.695107667745181e-11,0.9855154506954233,2.0525435700308115e-05
333.975975975976,100,8.813903290094473e-11,0.9984340753005219,1.713272219863577e-05
334.2762762762763,100,3.0470934212439086e-11,0.9929419964354407,1.017965197071208e-05
334.37637637637636,100,1.698952203040616e-11,0.9863810924191393,8.334692963524743e-06
334.5765765765766,100,3.973772276185614e-11,0.9940290131011988,1.9215595333746403e-05
336.27827827827826,100,1.2101470149087842e-11,0.9841738930856455,5.814834538208277e-06
336.7787787787788,100,2.2431596617383401e-10,0.9985600043062292,4.885811984096938e-05
336.8788788788789,100,2.5870469546388518e-11,0.7861968882417201,5.911796005934549e-05
337.07907907907907,100,1.2168346132123915e-10,0.9912417409673261,5.3503150793066746e-05
337.2792792792793,100,5.4042541296720434e-11,0.994156397798618,1.9879679353686452e-05
337.6796796796797,100,1.2942173103791542e-11,0.9756062176022713,9.80496790548663e-06
337.97997997998,100,2.581247569744264e-11,0.9967411117628752,7.145903159592813e-06
338.1801801801802,100,1.2815958735473824e-10,0.9975261874023607,3.2109089544645916e-05
338.38038038038036,100,1.2694035708209064e-10,0.9948910411361304,4.084256412513413e-05
339.48148148148147,100,4.953442065992684e-11,0.9980417406653088,1.0612751610577437e-05
339.5815815815816,100,4.6044799804160216e-11,0.998677940763979,7.659319171206485e-06
339.8818818818819,100,2.465843129256273e-11,0.9861773531533006,1.3025654284656566e-05
340.1821821821822,100,2.443218566248941e-10,0.9976530576397873,7.456266424601118e-05
340.28228228228227,100,1.361952288123476e-10,0.998390514766636,2.523623270326016e-05
340.4824824824825,100,3.5622623646426615e-11,0.9995277058068548,3.612259173725206e-06
340.982982982983,100,4.527363710377249e-12,0.9180547144892515,4.8519465352157656e-06
341.08308308308307,100,3.433333412882263e-11,0.9992919370387296,5.742581710150564e-06
341.3833833833834,100,1.663601437278591e-10,0.9989777484061326,3.280633833236623e-05
341.5835835835836,100,2.5079911638372705e-10,0.9993647798622044,3.793256642472808e-05
342.7847847847848,100,1.1771073641542381e-10,0.9879377566767217,6.427227092689749e-05
342.984984984985,100,4.107968586645377e-11,0.991278191985898,2.050097138209683e-05
343.1851851851852,100,1.3361088275135317e-10,0.9985789770782502,3.207749109530355e-05
343.2852852852853,100,3.961113305577228e-11,0.9965276961658762,9.963071197325683e-06
344.3863863863864,100,4.21432422785868e-11,0.9751630954750685,3.458060886103778e-05
344.5865865865866,100,1.7672007069940458e-11,0.9910633338699839,7.527185313220698e-06
344.7867867867868,100,2.3584994165073454e-11,0.9403879449251953,2.441642731056489e-05
344.986986986987,100,3.838757230303222e-11,0.9889310609260246,1.9247406589278546e-05
345.08708708708707,100,2.3083140706734623e-11,0.9922993084804549,9.245978263634604e-06
345.2872872872873,100,5.822507538223042e-11,0.9954466253796874,1.8645467846065825e-05
345.3873873873874,100,1.0793139204531541e-11,0.9732159557323014,7.498237221657624e-06
345.4874874874875,100,2.5474115804700772e-11,0.9436750832151823,3.270899548518753e-05
345.987987987988,100,8.424302195328725e-11,0.999215493975975,1.4042008354921034e-05
346.08808808808806,100,5.5776871806011345e-11,0.9814254653977257,3.4375474637207726e-05
346.5885885885886,100,2.5307205500908305e-10,0.9998109611214943,1.8846759740047284e-05
346.7887887887888,100,1.588903469066469e-10,0.9916261922465008,6.857033506664482e-05
346.988988988989,100,3.7506549089588656e-11,0.9986373970990325,7.587421249085175e-06
347.0890890890891,100,4.7666153907943966e-11,0.9992603883338524,7.305668060057597e-06
347.48948948948953,100,2.2921873136444245e-11,0.9991112191425233,4.2167452377573596e-06
348.2902902902903,100,9.488320944005928e-11,0.9695701177524656,9.109432730755349e-05
348.79079079079077,100,2.1495209455224653e-10,0.9973149479103669,7.070458803881303e-05
349.6916916916917,100,3.0610846920566895e-11,0.9986679741788423,5.556455925794811e-06
349.8918918918919,100,2.297970902918036e-11,0.9969888182759338,6.924965651950199e-06
350.2922922922923,100,1.8396239121443367e-10,0.9919747607827761,0.00010744368710008749
350.8928928928929,100,1.0450440516871608e-10,0.9911356990818725,4.536902680052647e-05
351.3933933933934,100,1.5803753963171516e-10,0.9978608856649825,4.121296364912222e-05
352.0940940940941,100,7.52240329716429e-11,0.998469372825119,1.6297030254514328e-05
352.2942942942943,100,9.192949395163415e-11,0.9835201201233683,5.8832814970481435e-05
352.5945945945946,100,2.3781384788600607e-11,0.9928806291230667,9.351762818125102e-06
353.1951951951952,100,4.873268025455061e-11,0.991098583181503,2.263827335813723e-05
353.2952952952953,100,2.044203409648394e-11,0.966688575338215,1.7593295332701165e-05
353.3953953953954,100,3.3350375411511436e-11,0.9965088297273368,1.1691217841021777e-05
353.995995995996,100,1.8753226520959252e-11,0.9969926161242578,4.3011967217922645e-06
354.3963963963964,100,1.6889547192619613e-10,0.9982371991239087,3.771663885085546e-05
354.7967967967968,100,1.0693442171600052e-10,0.9695046027797387,9.416509365134303e-05
354.8968968968969,100,1.0211735594296836e-10,0.9986828828432252,1.70192362052924e-05
355.49749749749753,100,1.5929479059647512e-11,0.9994392433394012,1.8294970088426726e-06
356.8988988988989,100,1.365214331118375e-10,0.9985887349106364,2.4300618653831385e-05
357.2992992992993,100,6.294095354950344e-11,0.9947371532497572,2.109684343803976e-05
357.8998998998999,100,9.693278074642718e-11,0.9990414297021522,1.617954635841619e-05
